{"mobley_7983227": [-2.6653224237036657, 0.04471631378367031], "mobley_4609460": [-9.91140911234473, 0.06111012798703543], "mobley_2245668": [-2.8461651894287665, 0.045036627914217975], "mobley_3151666": [-2.085000494769923, 0.059231550496139776], "mobley_1527293": [-12.972054526981127, 0.08870563439745058], "mobley_3274817": [-4.406191812981742, 0.05955239691101019], "mobley_6334915": [-15.296062523623425, 0.34230037479938596], "mobley_1019269": [-2.9688961638345663, 0.043567369832636246], "mobley_4780078": [-4.732729591992137, 0.05533689862118705], "mobley_7200804": [-3.300224501969917, 0.05010519805556144], "mobley_3006808": [-3.2741588848007006, 0.04712715094563083], "mobley_2099370": [-16.97039700917516, 0.10420228426168578], "mobley_2661134": [-7.507301316380699, 0.05661959121002512], "mobley_5973402": [-2.9302717747230345, 0.0444561941036134], "mobley_7227357": [-2.445386861638086, 0.04814102351062144], "mobley_2354112": [-5.058667109071568, 0.054183409757858285], "mobley_3515580": [-5.039631684345981, 0.053739946428731165], "mobley_5123639": [-2.5616047705748466, 0.048930991434126735], "mobley_4371692": [-12.08287072826904, 0.09997779608205984], "mobley_2269032": [-11.682859826099065, 0.07657411462896888], "mobley_1636752": [-3.081624729632639, 0.03530162585993182], "mobley_7463799": [-5.3683643650069, 0.05530434578430518], "mobley_852937": [-4.607279011529901, 0.05003111339980234], "mobley_4683624": [-4.955740855409805, 0.057433079153001686], "mobley_2457863": [-6.673282716666965, 0.0643337756029279], "mobley_9257453": [-4.860079148981609, 0.05099687483347208], "mobley_3663158": [-7.401559874257527, 0.05628046903207959], "mobley_2923700": [-5.065308290861451, 0.054642155136757985], "mobley_9979854": [-3.0387606472864155, 0.051951031298223975], "mobley_5880265": [-3.6844651551849266, 0.05920287665002634], "mobley_2864987": [-2.6627648785588662, 0.045006328200451994], "mobley_4639255": [-6.9679225990587135, 0.05901104561470434], "mobley_7010316": [-3.980963926993406, 0.047061884496957744], "mobley_6201330": [-9.304960647186885, 0.06507283475226947], "mobley_9838013": [-2.7772237068964007, 0.045272972429197963], "mobley_3034976": [-9.36780562818692, 0.055643752618142674], "mobley_2913224": [-10.915066142313606, 0.07253014104635468], "mobley_2310185": [-2.975537713651396, 0.038706825997513954], "mobley_1755375": [-4.2379008772628755, 0.05192400503421745], "mobley_8789465": [-2.8308692551963754, 0.05492432608649404], "mobley_1735893": [-8.612207604650049, 0.07524730363837466], "mobley_7688753": [-9.549372996180095, 0.054846682842128576], "mobley_9534740": [-18.179219424636237, 0.12330231119608226], "mobley_819018": [-2.2503371965011154, 0.0569749448189571], "mobley_6727159": [-6.414886085485916, 0.05773263277126354], "mobley_7039935": [-6.926385677287141, 0.0597816109729587], "mobley_2316618": [-13.961107637791795, 0.3658830287288157], "mobley_2078467": [-10.553484300211597, 0.10151835822666201], "mobley_7977115": [-2.3023324488480337, 0.05010984547315967], "mobley_5816127": [-4.662134945147003, 0.04765374691537638], "mobley_1650157": [-2.9822261783915427, 0.04336288893977864], "mobley_6688723": [-6.39633989114529, 0.056848773129500464], "mobley_36119": [-2.3172107078612276, 0.05456207708876735], "mobley_9653690": [-3.0426708559958966, 0.057104984322932185], "mobley_1896013": [-14.745537571042288, 0.1410104260161973], "mobley_7610437": [-2.2305095878142738, 0.04723931377410607], "mobley_2123854": [-8.163230803850038, 0.06001745619000665], "mobley_7066554": [-5.052501440157627, 0.047497678200708424], "mobley_5917842": [-4.711856461740548, 0.05494999037891562], "mobley_8118832": [-2.9859507540824866, 0.04447186675734599], "mobley_4587267": [-18.605591627523786, 0.25365944608205376], "mobley_5759258": [-2.750355229250643, 0.04522397253298842], "mobley_6055410": [-8.82949916314981, 0.07637633856889427], "mobley_3144334": [-4.84916501022519, 0.05644925793335632], "mobley_7913234": [-3.853113308390456, 0.06565183331769761], "mobley_2751110": [-8.056278616939252, 0.05852586427949965], "mobley_7758918": [-8.81362537119484, 0.056766005113581354], "mobley_8337722": [-3.1881928767704406, 0.05425525567147909], "mobley_7176290": [-7.3593944101828335, 0.054162173530698125], "mobley_1903702": [-2.8570184499418705, 0.04339974671373034], "mobley_820789": [-9.261433014720682, 0.06412220944041541], "mobley_7326982": [-3.0308170229131544, 0.04119782793892619], "mobley_3265457": [-9.312928039764712, 0.06626831813874895], "mobley_4792268": [-8.972853290012319, 0.1106757637439248], "mobley_2295058": [-10.076767663708218, 0.061162632090827986], "mobley_9897248": [-2.2675244826304364, 0.055848458175023756], "mobley_486214": [-7.554198271302059, 0.07910730287482208], "mobley_8057732": [-4.890449333693375, 0.05051370874982206], "mobley_2850833": [-8.638534036699467, 0.06506748855598066], "mobley_1858644": [-4.995198985583729, 0.0543453674938739], "mobley_6195751": [-10.213834980012827, 0.07497949122187063], "mobley_1244778": [-3.9911502815970628, 0.0522969311075857], "mobley_2925352": [-5.338671396386718, 0.05202035491094521], "mobley_1178614": [-3.4520166641761985, 0.04845354626821767], "mobley_20524": [-5.433403770465307, 0.047341310458552006], "mobley_9626434": [-4.38170440711202, 0.05078996457336775], "mobley_3414356": [-2.5582263730922348, 0.04812291621845436], "mobley_7009711": [-5.258041768765066, 0.053064399645497785], "mobley_313406": [-2.9740558226162244, 0.04153475226653947], "mobley_4936555": [-9.900395511365618, 0.10203481699502852], "mobley_1571523": [-4.878883050896615, 0.055329754006884925], "mobley_8691603": [-5.245569546047799, 0.049133395824601425], "mobley_8899867": [-3.925483215197782, 0.048685631364416844], "mobley_7912193": [-9.135776493548912, 0.06985694027882297], "mobley_3259411": [-10.215392654835098, 0.12039515861904393], "mobley_2126135": [-4.615658036057825, 0.05396261904609206], "mobley_2929847": [-7.880004840383835, 0.06135624916524632], "mobley_6743808": [-5.227231460109519, 0.05246876393635847], "mobley_5311804": [-4.819509041739408, 0.05086524494109739], "mobley_4395315": [-4.810230665516809, 0.054481113189687354], "mobley_4035953": [-4.962558897388594, 0.05032597346113667], "mobley_3378420": [-2.281960589766787, 0.056616530097479544], "mobley_5467162": [-5.422256522807619, 0.06191077473723699], "mobley_5063386": [-4.429568497230701, 0.05307132212088174], "mobley_5708811": [-11.102689141151837, 0.0767099743617689], "mobley_3359593": [-4.421641579240225, 0.06132756811898535], "mobley_628086": [-3.198570128885796, 0.05108837079321434], "mobley_1733799": [-5.113667201875912, 0.049675866963540254], "mobley_4687447": [-3.9609897995432495, 0.05484881339321316], "mobley_5079234": [-2.469652616211618, 0.05208762017476461], "mobley_3546460": [-2.6871914399309778, 0.05464099369849281], "mobley_7988076": [-10.145823312597702, 0.057105314002174126]}